id,sender_id,receiver_id,message_type,content,metadata,status,created_at,processed_at
1,ACQ-001,ACQ-002,qualify_lead,"{""lead_id"": ""2434ffc9-40ea-443c-923f-02769199d6e3"", ""lead_data"": {""contact"": {""company"": ""Test GmbH"", ""person"": ""nicht angegeben"", ""email"": ""test@example.com"", ""phone"": ""nicht angegeben""}, ""project"": {""description"": ""Website f\u00fcr das Unternehmen"", ""service_type"": ""Development"", ""budget"": ""10.000 EUR"", ""timeframe"": ""nicht angegeben"", ""industry"": ""Unbekannt""}, ""assessment"": {""completeness"": 6, ""relevance"": 8, ""urgency"": ""niedrig""}}, ""source"": ""quick_test""}",{},pending,"2025-06-23 22:41:49",
2,ACQ-001,ACQ-002,qualify_lead,"{""lead_id"": ""cfd69cfd-323b-49dd-8c0a-ddd3ff0b372d"", ""lead_data"": {""contact"": {""company"": ""TechInnovate GmbH"", ""person"": ""Dr. Sarah M\u00fcller"", ""email"": ""s.mueller@techinnovate.de"", ""phone"": ""+49 89 12345678""}, ""project"": {""description"": ""KI-Automatisierung des Kundenservice zur Reduktion von Antwortzeiten und Automatisierung von 80% der 200+ t\u00e4glichen Anfragen. Integration in Salesforce CRM."", ""service_type"": ""AI-Agent"", ""budget"": ""25.000-35.000 EUR"", ""timeframe"": ""Start in 6 Wochen, Implementierung in 3 Monaten"", ""industry"": ""Software-Entwicklung""}, ""assessment"": {""completeness"": 9, ""relevance"": 9, ""urgency"": ""hoch""}}, ""source"": ""premium_inquiry""}",{},pending,"2025-06-23 22:46:34",
3,ACQ-001,ACQ-002,qualify_lead,"{""lead_id"": ""a4e44fea-e81a-4478-8fed-2501a1ba5cb3"", ""lead_data"": {""contact"": {""company"": ""TechInnovate GmbH"", ""person"": ""Dr. Sarah M\u00fcller"", ""email"": ""s.mueller@techinnovate.de"", ""phone"": ""+49 89 12345678""}, ""project"": {""description"": ""KI-Automatisierung des Kundenservice zur Reduktion der Antwortzeit und Verbesserung der Kundenzufriedenheit.  Ziel: 80% Automatisierung, Antwortzeit unter 2 Minuten, Integration in Salesforce."", ""service_type"": ""AI-Agent"", ""budget"": ""25.000-35.000 EUR"", ""timeframe"": ""Start in 6 Wochen, Implementierung in 3 Monaten"", ""industry"": ""Software-Entwicklung""}, ""assessment"": {""completeness"": 9, ""relevance"": 9, ""urgency"": ""hoch""}}, ""source"": ""premium_inquiry""}",{},pending,"2025-06-23 22:56:41",
4,SALES-002,SALES-003,create_proposal,"{""lead_id"": ""test-lead-123"", ""solution_design"": {""solution_paths"": {""path_a"": {""name"": ""AI-Enhanced Solution"", ""description"": ""KI-gest\u00fctzte Automatisierung"", ""scores"": {""technical_fit"": 8, ""business_value"": 8, ""implementation"": 7, ""cost_benefit"": 7}}}, ""recommended_solution"": {""approach"": ""AI-Enhanced Integration"", ""architecture"": {""core_components"": [""Web Application"", ""AI Processing"", ""Database""], ""ai_modules"": [""Natural Language Processing"", ""Workflow Automation""], ""integrations"": [""Email System"", ""CRM Integration""], ""infrastructure"": [""Cloud Hosting"", ""Database"", ""API Gateway""]}, ""estimated_effort"": {""total_hours"": 250}}, ""confidence_level"": 0.75}}",{},pending,"2025-06-23 22:58:58",
5,SALES-002,SALES-003,create_proposal,"{""lead_id"": ""TEST-LEAD-003"", ""solution_design"": {""solution_paths"": {""path_a"": {""name"": ""AI-Enhanced Solution"", ""description"": ""KI-gest\u00fctzte Automatisierung"", ""scores"": {""technical_fit"": 8, ""business_value"": 8, ""implementation"": 7, ""cost_benefit"": 7}}}, ""recommended_solution"": {""approach"": ""AI-Enhanced Integration"", ""architecture"": {""core_components"": [""Web Application"", ""AI Processing"", ""Database""], ""ai_modules"": [""Natural Language Processing"", ""Workflow Automation""], ""integrations"": [""Email System"", ""CRM Integration""], ""infrastructure"": [""Cloud Hosting"", ""Database"", ""API Gateway""]}, ""estimated_effort"": {""total_hours"": 250}}, ""confidence_level"": 0.75}}",{},pending,"2025-06-23 23:12:09",
6,CEO-001,system,strategic_escalation,"{""topic"": ""Expansion in den \u00f6sterreichischen Markt"", ""analysis"": ""Error processing request: Error code: 429 - {'error': {'message': 'You exceeded your current quota, please check your plan and billing details. For more information on this error, read the docs: https://platform.openai.com/docs/guides/error-codes/api-errors.', 'type': 'insufficient_quota', 'param': None, 'code': 'insufficient_quota'}}"", ""requires_founder_approval"": true, ""urgency"": ""medium""}",{},pending,"2025-06-23 23:14:21",
7,SALES-002,SALES-003,create_proposal,"{""lead_id"": ""TEST-LEAD-003"", ""solution_design"": {""solution_paths"": {""path_a"": {""name"": ""AI-Enhanced Solution"", ""description"": ""KI-gest\u00fctzte Automatisierung"", ""scores"": {""technical_fit"": 8, ""business_value"": 8, ""implementation"": 7, ""cost_benefit"": 7}}}, ""recommended_solution"": {""approach"": ""AI-Enhanced Integration"", ""architecture"": {""core_components"": [""Web Application"", ""AI Processing"", ""Database""], ""ai_modules"": [""Natural Language Processing"", ""Workflow Automation""], ""integrations"": [""Email System"", ""CRM Integration""], ""infrastructure"": [""Cloud Hosting"", ""Database"", ""API Gateway""]}, ""estimated_effort"": {""total_hours"": 250}}, ""confidence_level"": 0.75}}",{},pending,"2025-06-23 23:14:29",
8,CEO-001,,resource_decision,"{""request_id"": null, ""decision"": ""Error processing request: Error code: 429 - {'error': {'message': 'You exceeded your current quota, please check your plan and billing details. For more information on this error, read the docs: https://platform.openai.com/docs/guides/error-codes/api-errors.', 'type': 'insufficient_quota', 'param': None, 'code': 'insufficient_quota'}}"", ""timestamp"": ""2025-06-24T01:55:31.657334"", ""decision_maker"": ""CEO-001""}",{},pending,"2025-06-23 23:55:31",
9,CEO-001,,resource_decision,"{""request_id"": null, ""decision"": ""Error processing request: Error code: 429 - {'error': {'message': 'You exceeded your current quota, please check your plan and billing details. For more information on this error, read the docs: https://platform.openai.com/docs/guides/error-codes/api-errors.', 'type': 'insufficient_quota', 'param': None, 'code': 'insufficient_quota'}}"", ""timestamp"": ""2025-06-24T01:56:51.205824"", ""decision_maker"": ""CEO-001""}",{},pending,"2025-06-23 23:56:51",
10,CEO-001,,resource_decision,"{""request_id"": null, ""decision"": ""Error processing request: Error code: 429 - {'error': {'message': 'You exceeded your current quota, please check your plan and billing details. For more information on this error, read the docs: https://platform.openai.com/docs/guides/error-codes/api-errors.', 'type': 'insufficient_quota', 'param': None, 'code': 'insufficient_quota'}}"", ""timestamp"": ""2025-06-24T01:58:30.939679"", ""decision_maker"": ""CEO-001""}",{},pending,"2025-06-23 23:58:30",
11,CEO-001,,resource_decision,"{""request_id"": null, ""decision"": ""Error processing request: Error code: 429 - {'error': {'message': 'You exceeded your current quota, please check your plan and billing details. For more information on this error, read the docs: https://platform.openai.com/docs/guides/error-codes/api-errors.', 'type': 'insufficient_quota', 'param': None, 'code': 'insufficient_quota'}}"", ""timestamp"": ""2025-06-24T01:59:30.039290"", ""decision_maker"": ""CEO-001""}",{},pending,"2025-06-23 23:59:30",
12,CEO-001,,resource_decision,"{""request_id"": null, ""decision"": ""Okay, ich verstehe. Ich soll eine Tree-of-Thoughts-Analyse durchf\u00fchren, um die beste Vorgehensweise in Bezug auf eine Ressourcenallokationsanfrage zu bestimmen. Da keine spezifische Ressource oder Anfrage genannt wurde, werde ich eine generische Analyse durchf\u00fchren, die als Vorlage f\u00fcr zuk\u00fcnftige Entscheidungen dienen kann. Ich werde mich auf die aktuelle Situation von berneby development konzentrieren: Bootstrapping, kleines Team, Fokus auf Automatisierung und das Ziel, 1 Million Euro Umsatz in 12 Monaten zu erzielen.\n\n```json\n{\n  \""ressourcenallokations_analyse\"": {\n    \""beschreibung\"": \""Generische Tree-of-Thoughts-Analyse f\u00fcr Ressourcenallokationsanfragen bei berneby development.\"",\n    \""kontext\"": {\n      \""aktuelles_budget\"": \""Begrenzt (Bootstrapping-Phase)\"",\n      \""team_groesse\"": \""2 Personen (Vollzeit)\"",\n      \""primaeres_ziel\"": \""1 Mio. \u20ac Umsatz in 12 Monaten\"",\n      \""fokus\"": \""Automatisierung und Effizienzsteigerung\"",\n      \""phase\"": \""Grundinfrastruktur-Aufbau\""\n    },\n    \""option_a_genehmigung\"": {\n      \""vorteile\"": [\n        \""Direkter Beitrag zur Automatisierung\"",\n        \""Potentielle Umsatzsteigerung\"",\n        \""Erh\u00f6hung der Agent-Effizienz\""\n      ],\n      \""nachteile\"": [\n        \""Sofortige Kostenbelastung\"",\n        \""Ressourcenbindung\"",\n        \""Opportunit\u00e4tskosten\""\n      ],\n      \""roi_bewertung\"": 6,\n      \""risiko\"": \""mittel\""\n    },\n    \""option_b_bedingte_genehmigung\"": {\n      \""bedingungen\"": [\n        \""Reduzierter Umfang\"",\n        \""Zeitliche Staffelung\"",\n        \""Performance-Milestones\""\n      ],\n      \""vorteile\"": [\n        \""Kontrollierte Investition\"",\n        \""Testm\u00f6glichkeit\"",\n        \""Geringeres Risiko\""\n      ],\n      \""roi_bewertung\"": 7,\n      \""risiko\"": \""niedrig\""\n    },\n    \""option_c_ablehnung\"": {\n      \""begruendung\"": [\n        \""Zu hohe Kosten vs. Nutzen (angenommen)\"",\n        \""Nicht strategisch priorit\u00e4r (angenommen)\"",\n        \""Alternative L\u00f6sungen verf\u00fcgbar (angenommen)\""\n      ],\n      \""alternative_vorschlaege\"": [\n        \""Kosteng\u00fcnstigere Alternativen suchen\"",\n        \""Eigenentwicklung pr\u00fcfen\"",\n        \""Sp\u00e4tere Umsetzung in Betracht ziehen\""\n      ],\n      \""roi_bewertung\"": 3,\n      \""risiko\"": \""niedrig\""\n    },\n    \""option_d_aufschiebung\"": {\n      \""begruendung\"": [\n        \""Timing nicht optimal (angenommen)\"",\n        \""Andere Priorit\u00e4ten (angenommen)\"",\n        \""Mehr Daten erforderlich (angenommen)\""\n      ],\n      \""roi_bewertung\"": 4,\n      \""risiko\"": \""niedrig\""\n    },\n    \""bewertungsmatrix\"": {\n      \""strategischer_wert\"": 7,\n      \""roi_potential\"": 6,\n      \""umsetzbarkeit\"": 8,\n      \""dringlichkeit\"": 5,\n      \""risiko_invertiert\"": 7\n    },\n    \""final_decision\"": \""BEDINGT\"",\n    \""begruendung\"": \""Angesichts der begrenzten Ressourcen und des Fokus auf Automatisierung ist eine bedingte Genehmigung der beste Kompromiss. Sie erm\u00f6glicht es uns, den potenziellen Nutzen zu testen, ohne das Budget zu stark zu belasten. Die Bedingungen (reduzierter Umfang, zeitliche Staffelung, Performance-Milestones) minimieren das Risiko und erm\u00f6glichen eine bessere Kontrolle.\"",\n    \""naechste_schritte\"": [\n      \""Detaillierte Analyse der spezifischen Anfrage durchf\u00fchren.\"",\n      \""Bedingungen f\u00fcr eine bedingte Genehmigung festlegen (Umfang, Zeitplan, Milestones).\"",\n      \""Alternative L\u00f6sungen pr\u00fcfen, falls die Bedingungen nicht erf\u00fcllt werden k\u00f6nnen.\"",\n      \""Performance nach der Umsetzung \u00fcberwachen und bewerten.\""\n    ],\n    \""review_termin\"": \""In 1 Monat, um die Ergebnisse der bedingten Genehmigung zu \u00fcberpr\u00fcfen.\""\n  }\n}\n```\n"", ""timestamp"": ""2025-06-24T02:01:31.270865"", ""decision_maker"": ""CEO-001""}",{},pending,"2025-06-24 00:01:31",
13,CEO-001,,resource_decision,"{""request_id"": null, ""decision"": ""Okay, ich verstehe. Ich soll eine Tree-of-Thoughts-Analyse durchf\u00fchren, um die beste Vorgehensweise in Bezug auf eine Ressourcenallokationsanfrage zu bestimmen. Da keine spezifische Anfrage vorliegt, werde ich eine generische Analyse durchf\u00fchren, die als Vorlage f\u00fcr zuk\u00fcnftige Entscheidungen dienen kann. Ich werde mich auf die aktuelle Situation von berneby development konzentrieren: Bootstrapping, kleines Team, Fokus auf Automatisierung und das Ziel von 1 Mio. \u20ac Umsatz in 12 Monaten.\n\n```json\n{\n  \""ressourcenallokations_analyse\"": {\n    \""option_a_genehmigung\"": {\n      \""vorteile\"": [\n        \""Direkter Beitrag zur Automatisierung und Effizienzsteigerung.\"",\n        \""Potenzielle Umsatzsteigerung durch verbesserte Dienstleistungen oder neue Angebote.\"",\n        \""Erh\u00f6hte Agent-Effizienz und Produktivit\u00e4t.\""\n      ],\n      \""nachteile\"": [\n        \""Sofortige Kostenbelastung, die das begrenzte Budget belastet.\"",\n        \""Ressourcenbindung, die f\u00fcr andere Projekte fehlen k\u00f6nnte.\"",\n        \""Opportunit\u00e4tskosten: Das Geld k\u00f6nnte in andere, m\u00f6glicherweise rentablere Bereiche investiert werden.\""\n      ],\n      \""roi_bewertung\"": 6,\n      \""risiko\"": \""mittel\""\n    },\n    \""option_b_bedingte_genehmigung\"": {\n      \""bedingungen\"": [\n        \""Reduzierter Umfang des Projekts, um die Kosten zu senken.\"",\n        \""Zeitliche Staffelung der Investition, um die finanzielle Belastung zu verteilen.\"",\n        \""Performance-Milestones, die erreicht werden m\u00fcssen, bevor weitere Mittel freigegeben werden.\""\n      ],\n      \""vorteile\"": [\n        \""Kontrollierte Investition, die das Risiko minimiert.\"",\n        \""Testm\u00f6glichkeit, um die Wirksamkeit der Ressource zu bewerten.\"",\n        \""Geringeres Risiko im Vergleich zur vollst\u00e4ndigen Genehmigung.\""\n      ],\n      \""roi_bewertung\"": 7,\n      \""risiko\"": \""niedrig\""\n    },\n    \""option_c_ablehnung\"": {\n      \""begruendung\"": [\n        \""Die Kosten sind im Verh\u00e4ltnis zum erwarteten Nutzen zu hoch.\"",\n        \""Die Ressource ist nicht strategisch priorit\u00e4r f\u00fcr die Erreichung des 1 Mio. \u20ac Umsatzes.\"",\n        \""Es gibt alternative L\u00f6sungen, die kosteng\u00fcnstiger oder effizienter sind.\""\n      ],\n      \""alternative_vorschlaege\"": [\n        \""Suche nach kosteng\u00fcnstigeren Alternativen (z.B. Open-Source-Software).\"",\n        \""Eigenentwicklung von L\u00f6sungen, um Kosten zu sparen.\"",\n        \""Aufschieben der Umsetzung bis zu einem sp\u00e4teren Zeitpunkt, wenn mehr Budget verf\u00fcgbar ist.\""\n      ],\n      \""roi_bewertung\"": 3,\n      \""risiko\"": \""niedrig\""\n    },\n    \""option_d_aufschiebung\"": {\n      \""begruendung\"": [\n        \""Das Timing ist nicht optimal, da andere Projekte derzeit h\u00f6here Priorit\u00e4t haben.\"",\n        \""Es sind mehr Daten erforderlich, um den potenziellen Nutzen der Ressource zu bewerten.\"",\n        \""Andere Priorit\u00e4ten im Unternehmen m\u00fcssen zuerst angegangen werden.\""\n      ],\n      \""roi_bewertung\"": 5,\n      \""risiko\"": \""niedrig\""\n    },\n    \""bewertungsmatrix\"": {\n      \""strategischer_wert\"": 6,\n      \""roi_potential\"": 6,\n      \""umsetzbarkeit\"": 7,\n      \""dringlichkeit\"": 5,\n      \""risiko_invertiert\"": 7\n    },\n    \""final_decision\"": \""BEDINGT\"",\n    \""begruendung\"": \""Angesichts der begrenzten Ressourcen und des Fokus auf Automatisierung ist eine bedingte Genehmigung die beste Option. Sie erm\u00f6glicht es uns, die Ressource zu testen und ihren Wert zu beweisen, bevor wir eine vollst\u00e4ndige Investition t\u00e4tigen. Die Bedingungen (reduzierter Umfang, zeitliche Staffelung, Performance-Milestones) minimieren das Risiko und stellen sicher, dass die Investition einen positiven ROI erzielt.\"",\n    \""naechste_schritte\"": [\n      \""Definieren der konkreten Bedingungen f\u00fcr die bedingte Genehmigung (Umfang, Zeitplan, Milestones).\"",\n      \""Erstellung eines detaillierten Plans zur Umsetzung der Ressource.\"",\n      \""Festlegung von Metriken zur Messung des Erfolgs der Ressource.\"",\n      \""Regelm\u00e4\u00dfige \u00dcberpr\u00fcfung des Fortschritts und Anpassung des Plans bei Bedarf.\""\n    ],\n    \""review_termin\"": \""In 4 Wochen, um die Fortschritte zu \u00fcberpr\u00fcfen und die Notwendigkeit weiterer Investitionen zu bewerten.\""\n  },\n  \""confidence\"": 0.95\n}\n```\n"", ""timestamp"": ""2025-06-24T02:02:17.962451"", ""decision_maker"": ""CEO-001""}",{},pending,"2025-06-24 00:02:17",
14,CEO-001,,resource_decision,"{""request_id"": null, ""decision"": ""Okay, ich verstehe. Ich soll eine Tree-of-Thoughts-Analyse durchf\u00fchren, um die beste Vorgehensweise in Bezug auf eine Ressourcenallokationsanfrage zu bestimmen. Da keine spezifische Ressource oder Anfrage genannt wurde, werde ich eine generische Analyse durchf\u00fchren, die auf den aktuellen Kontext von berneby development zugeschnitten ist. Ich werde davon ausgehen, dass die Anfrage im Zusammenhang mit der Automatisierung oder Effizienzsteigerung steht, da dies unser prim\u00e4res Ziel ist.\n\nHier ist die Analyse:\n\n```json\n{\n  \""ressourcenallokation_analyse\"": {\n    \""anfrage_details\"": {\n      \""anfragender_agent\"": \""None\"",\n      \""ressourcentyp\"": \""Unbekannt (Annahme: Automatisierung/Effizienzsteigerung)\"",\n      \""begruendung\"": \""None\"",\n      \""prioritaet\"": \""hoch\"",\n      \""geschaetzte_kosten\"": \""nicht angegeben\"",\n      \""erwarteter_roi\"": \""nicht spezifiziert\""\n    },\n    \""berneby_development_kontext\"": {\n      \""aktuelles_budget\"": \""begrenzt (Bootstrapping-Phase)\"",\n      \""team\"": \""2 Personen (Vollzeit)\"",\n      \""primaeres_ziel\"": \""1 Mio. \u20ac Umsatz in 12 Monaten\"",\n      \""fokus\"": \""Automatisierung und Effizienzsteigerung\"",\n      \""phase\"": \""Grundinfrastruktur-Aufbau\""\n    },\n    \""tree_of_thoughts_analyse\"": {\n      \""option_a_genehmigung\"": {\n        \""vorteile\"": [\n          \""Direkter Beitrag zur Automatisierung\"",\n          \""Potentielle Umsatzsteigerung\"",\n          \""Agent-Effizienz erh\u00f6hen\""\n        ],\n        \""nachteile\"": [\n          \""Sofortige Kostenbelastung\"",\n          \""Ressourcenbindung\"",\n          \""Opportunit\u00e4tskosten\""\n        ],\n        \""roi_bewertung\"": 7,\n        \""risiko\"": \""mittel\""\n      },\n      \""option_b_bedingte_genehmigung\"": {\n        \""bedingungen\"": [\n          \""Reduzierter Umfang\"",\n          \""Zeitliche Staffelung\"",\n          \""Performance-Milestones\""\n        ],\n        \""vorteile\"": [\n          \""Kontrollierte Investition\"",\n          \""Testm\u00f6glichkeit\"",\n          \""Geringeres Risiko\""\n        ],\n        \""roi_bewertung\"": 6,\n        \""risiko\"": \""niedrig\""\n      },\n      \""option_c_ablehnung\"": {\n        \""begruendung\"": \""Zu hohe Kosten vs. Nutzen (angenommen, da keine Kosten angegeben)\"",\n        \""alternative_vorschlaege\"": [\n          \""Kostenguenstigere Alternativen\"",\n          \""Eigenentwicklung\"",\n          \""Spaetere Umsetzung\""\n        ]\n      },\n      \""option_d_aufschiebung\"": {\n        \""begruendung\"": \""Mehr Daten erforderlich, um Kosten und Nutzen zu bewerten\""\n      }\n    },\n    \""bewertungsmatrix\"": {\n      \""strategischer_wert\"": 8,\n      \""roi_potential\"": 7,\n      \""umsetzbarkeit\"": 6,\n      \""dringlichkeit\"": 7,\n      \""risiko_invertiert\"": 7\n    },\n    \""final_decision\"": \""BEDINGT\"",\n    \""begruendung\"": \""Angesichts der begrenzten Ressourcen und des Ziels, die Automatisierung voranzutreiben, ist eine bedingte Genehmigung der beste Ansatz. Dies erm\u00f6glicht es uns, die potenziellen Vorteile zu testen, ohne das Budget zu stark zu belasten. Die Bedingungen sollten darauf abzielen, den Umfang zu reduzieren und klare Performance-Metriken festzulegen.\"",\n    \""naechste_schritte\"": [\n      \""Definieren Sie den reduzierten Umfang der Ressource/Anfrage.\"",\n      \""Entwickeln Sie klare Performance-Metriken (z.B. Zeitersparnis, Umsatzsteigerung).\"",\n      \""Erstellen Sie einen Zeitplan mit Meilensteinen fuer die Bewertung.\"",\n      \""Pruefen Sie kostenguenstigere Alternativen.\""\n    ],\n    \""review_termin\"": \""In 4 Wochen, um die Fortschritte zu ueberpruefen und die endgueltige Genehmigung zu beurteilen.\""\n  },\n  \""confidence\"": 0.85,\n  \""reasoning\"": \""Die bedingte Genehmigung bietet den besten Kompromiss zwischen dem Bedarf an Automatisierung und den begrenzten Ressourcen. Die Bewertungsmatrix zeigt, dass der strategische Wert und das ROI-Potenzial hoch sind, aber die Umsetzbarkeit und das Risiko muessen beruecksichtigt werden. Durch die Festlegung von Bedingungen koennen wir das Risiko minimieren und die Umsetzbarkeit verbessern.\"",\n  \""next_action\"": \""Beginnen Sie mit der Definition des reduzierten Umfangs und der Performance-Metriken.\""\n}\n```\n"", ""timestamp"": ""2025-06-24T12:52:16.192038"", ""decision_maker"": ""CEO-001""}",{},pending,"2025-06-24 10:52:16",
15,CEO-001,,resource_decision,"{""request_id"": null, ""decision"": ""Okay, ich verstehe. Ich soll eine Tree-of-Thoughts-Analyse durchf\u00fchren, um die beste Vorgehensweise in Bezug auf eine Ressourcenallokation zu bestimmen. Da keine spezifischen Ressourcen oder Kosten angegeben sind, werde ich eine generische Analyse durchf\u00fchren, die auf den aktuellen Kontext von berneby development zugeschnitten ist.\n\n```json\n{\n  \""ressourcenallokations_analyse\"": {\n    \""option_a_genehmigung\"": {\n      \""vorteile\"": [\n        \""Direkter Beitrag zur Automatisierung\"",\n        \""Potentielle Umsatzsteigerung\"",\n        \""Erh\u00f6hung der Agent-Effizienz\""\n      ],\n      \""nachteile\"": [\n        \""Sofortige Kostenbelastung\"",\n        \""Ressourcenbindung\"",\n        \""Opportunit\u00e4tskosten\""\n      ],\n      \""roi_bewertung\"": 6,\n      \""risiko\"": \""mittel\""\n    },\n    \""option_b_bedingte_genehmigung\"": {\n      \""bedingungen\"": [\n        \""Reduzierter Umfang\"",\n        \""Zeitliche Staffelung\"",\n        \""Performance-Milestones\""\n      ],\n      \""vorteile\"": [\n        \""Kontrollierte Investition\"",\n        \""Testm\u00f6glichkeit\"",\n        \""Geringeres Risiko\""\n      ],\n      \""roi_bewertung\"": 7,\n      \""risiko\"": \""niedrig\""\n    },\n    \""option_c_ablehnung\"": {\n      \""begruendung\"": [\n        \""Potenziell zu hohe Kosten vs. Nutzen (ohne spezifische Details)\"",\n        \""M\u00f6glicherweise nicht strategisch priorit\u00e4r (ohne spezifische Details)\"",\n        \""Alternative L\u00f6sungen k\u00f6nnten verf\u00fcgbar sein\""\n      ],\n      \""alternative_vorschlaege\"": [\n        \""Kosteng\u00fcnstigere Alternativen pr\u00fcfen\"",\n        \""Eigenentwicklung in Betracht ziehen (falls m\u00f6glich)\"",\n        \""Umsetzung auf einen sp\u00e4teren Zeitpunkt verschieben\""\n      ]\n    },\n    \""option_d_aufschiebung\"": {\n      \""begruendung\"": [\n        \""Timing m\u00f6glicherweise nicht optimal (ohne spezifische Details)\"",\n        \""Andere Priorit\u00e4ten k\u00f6nnten Vorrang haben\"",\n        \""Mehr Daten erforderlich, um eine fundierte Entscheidung zu treffen\""\n      ]\n    },\n    \""bewertungsmatrix\"": {\n      \""strategischer_wert\"": 6,\n      \""roi_potential\"": 7,\n      \""umsetzbarkeit\"": 8,\n      \""dringlichkeit\"": 5,\n      \""risiko_invertiert\"": 7\n    },\n    \""final_decision\"": \""BEDINGT\"",\n    \""begruendung\"": \""Angesichts der begrenzten Ressourcen und des Fokus auf schnelles Wachstum ist eine bedingte Genehmigung der beste Ansatz. Dies erm\u00f6glicht es uns, die potenziellen Vorteile zu nutzen, w\u00e4hrend wir gleichzeitig das Risiko und die Kosten kontrollieren. Die Bedingungen sollten darauf abzielen, den Umfang zu reduzieren, die Investition zeitlich zu staffeln und klare Performance-Milestones zu definieren.\"",\n    \""naechste_schritte\"": [\n      \""Spezifische Bedingungen f\u00fcr die Genehmigung definieren (reduzierter Umfang, zeitliche Staffelung, Performance-Milestones).\"",\n      \""Alternative L\u00f6sungen pr\u00fcfen, um Kosten zu senken.\"",\n      \""Performance-Metriken festlegen, um den ROI zu messen.\"",\n      \""Einen detaillierten Plan erstellen, der die Bedingungen und Metriken ber\u00fccksichtigt.\""\n    ],\n    \""review_termin\"": \""In 4 Wochen, um die Fortschritte zu \u00fcberpr\u00fcfen und die Strategie bei Bedarf anzupassen.\""\n  },\n  \""confidence\"": 0.85\n}\n```\n"", ""timestamp"": ""2025-06-24T12:52:43.224098"", ""decision_maker"": ""CEO-001""}",{},pending,"2025-06-24 10:52:43",
16,ACQ-001,ACQ-002,qualify_lead,"{""lead_id"": ""e3f171b3-c75e-4132-85f5-fb2e6e3f9b07"", ""lead_data"": {""contact"": {""company"": ""TechSolutions GmbH"", ""person"": ""Dr. Michael Weber"", ""email"": ""weber@techsolutions.de"", ""phone"": ""nicht angegeben""}, ""project"": {""description"": ""AI-Chatbot L\u00f6sung f\u00fcr 200+ t\u00e4gliche Support-Anfragen"", ""service_type"": ""AI-Agent"", ""budget"": ""15-25k\u20ac"", ""timeframe"": ""3 Monate"", ""industry"": ""Unbekannt""}, ""assessment"": {""completeness"": 8, ""relevance"": 9, ""urgency"": ""mittel""}}, ""source"": ""website_form""}",{},pending,"2025-06-24 10:55:13",
17,ACQ-001,ACQ-002,qualify_lead,"{""lead_id"": ""9f596375-a18d-4784-a5b4-34acbcd5a13a"", ""lead_data"": {""contact"": {""company"": ""Test GmbH"", ""person"": ""nicht angegeben"", ""email"": ""test@example.com"", ""phone"": ""nicht angegeben""}, ""project"": {""description"": ""Website-Erstellung"", ""service_type"": ""Development"", ""budget"": ""10.000 EUR"", ""timeframe"": ""nicht angegeben"", ""industry"": ""Unbekannt""}, ""assessment"": {""completeness"": 7, ""relevance"": 8, ""urgency"": ""niedrig""}}, ""source"": ""quick_test""}",{},pending,"2025-06-24 11:25:25",
18,ACQ-001,ACQ-002,qualify_lead,"{""lead_id"": ""6af8f45c-233e-4afb-8df2-40741a9adea9"", ""lead_data"": {""contact"": {""company"": ""Test GmbH"", ""person"": ""nicht angegeben"", ""email"": ""test@example.com"", ""phone"": ""nicht angegeben""}, ""project"": {""description"": ""Website-Erstellung"", ""service_type"": ""Development"", ""budget"": ""10.000 EUR"", ""timeframe"": ""nicht angegeben"", ""industry"": ""Unbekannt""}, ""assessment"": {""completeness"": 7, ""relevance"": 8, ""urgency"": ""niedrig""}}, ""source"": ""quick_test""}",{},pending,"2025-06-24 11:32:41",
19,ACQ-001,ACQ-002,qualify_lead,"{""lead_id"": ""7d13071e-66ca-4c75-a5d8-8032de8a35f8"", ""lead_data"": {""contact"": {""company"": ""Test GmbH"", ""person"": ""nicht angegeben"", ""email"": ""test@example.com"", ""phone"": ""nicht angegeben""}, ""project"": {""description"": ""Website-Erstellung"", ""service_type"": ""Development"", ""budget"": ""10.000 EUR"", ""timeframe"": ""nicht angegeben"", ""industry"": ""Unbekannt""}, ""assessment"": {""completeness"": 7, ""relevance"": 8, ""urgency"": ""niedrig""}}, ""source"": ""quick_test""}",{},pending,"2025-06-24 11:33:16",
